<?xml version="1.0" encoding="UTF-8"?>
<Flow xmlns="http://soap.sforce.com/2006/04/metadata">
    <apiVersion>58.0</apiVersion>
    <assignments>
        <name>AddPhoneNumber</name>
        <label>AddPhoneNumber</label>
        <locationX>595</locationX>
        <locationY>536</locationY>
        <assignmentItems>
            <assignToReference>$Record.Name</assignToReference>
            <operator>Assign</operator>
            <value>
                <elementReference>Addphonetoacc</elementReference>
            </value>
        </assignmentItems>
    </assignments>
    <assignments>
        <name>Remove_name</name>
        <label>Remove name</label>
        <locationX>851</locationX>
        <locationY>551</locationY>
        <assignmentItems>
            <assignToReference>$Record.Name</assignToReference>
            <operator>Assign</operator>
            <value>
                <elementReference>RemoveNumber</elementReference>
            </value>
        </assignmentItems>
    </assignments>
    <decisions>
        <name>Check_if_Primary_contact_changed</name>
        <label>Check if Primary contact changed</label>
        <locationX>594</locationX>
        <locationY>307</locationY>
        <defaultConnectorLabel>Default Outcome</defaultConnectorLabel>
        <rules>
            <name>Changed</name>
            <conditionLogic>and</conditionLogic>
            <conditions>
                <leftValueReference>$Record__Prior.npe01__One2OneContact__c</leftValueReference>
                <operator>NotEqualTo</operator>
                <rightValue>
                    <elementReference>$Record.npe01__One2OneContact__c</elementReference>
                </rightValue>
            </conditions>
            <conditions>
                <leftValueReference>$Record.npe01__One2OneContact__c</leftValueReference>
                <operator>IsNull</operator>
                <rightValue>
                    <booleanValue>false</booleanValue>
                </rightValue>
            </conditions>
            <connector>
                <targetReference>AddPhoneNumber</targetReference>
            </connector>
            <label>Changed</label>
        </rules>
        <rules>
            <name>Changed_and_null</name>
            <conditionLogic>and</conditionLogic>
            <conditions>
                <leftValueReference>$Record.npe01__One2OneContact__c</leftValueReference>
                <operator>IsNull</operator>
                <rightValue>
                    <booleanValue>true</booleanValue>
                </rightValue>
            </conditions>
            <conditions>
                <leftValueReference>$Record__Prior.npe01__One2OneContact__r.npsp__Primary_Contact__c</leftValueReference>
                <operator>IsNull</operator>
                <rightValue>
                    <booleanValue>false</booleanValue>
                </rightValue>
            </conditions>
            <connector>
                <targetReference>Remove_name</targetReference>
            </connector>
            <label>Changed and null</label>
        </rules>
    </decisions>
    <environments>Default</environments>
    <formulas>
        <name>Addphonetoacc</name>
        <dataType>String</dataType>
        <expression>{!$Record.Name} + &apos; - &apos; + Right( {!$Record.npe01__One2OneContact__r.MobilePhone}, 4)</expression>
    </formulas>
    <formulas>
        <name>RemoveNumber</name>
        <dataType>String</dataType>
        <expression>SUBSTITUTE({!$Record.Name}, &apos; - &apos;+{!$Record__Prior.npe01__One2OneContact__r.MobilePhone}, &apos;&apos;)</expression>
    </formulas>
    <interviewLabel>AccountNameConcatinate {!$Flow.CurrentDateTime}</interviewLabel>
    <label>AccountNameConcatinate</label>
    <processMetadataValues>
        <name>BuilderType</name>
        <value>
            <stringValue>LightningFlowBuilder</stringValue>
        </value>
    </processMetadataValues>
    <processMetadataValues>
        <name>CanvasMode</name>
        <value>
            <stringValue>FREE_FORM_CANVAS</stringValue>
        </value>
    </processMetadataValues>
    <processMetadataValues>
        <name>OriginBuilderType</name>
        <value>
            <stringValue>LightningFlowBuilder</stringValue>
        </value>
    </processMetadataValues>
    <processType>AutoLaunchedFlow</processType>
    <start>
        <locationX>650</locationX>
        <locationY>48</locationY>
        <connector>
            <targetReference>Check_if_Primary_contact_changed</targetReference>
        </connector>
        <object>Account</object>
        <recordTriggerType>Update</recordTriggerType>
        <triggerType>RecordBeforeSave</triggerType>
    </start>
    <status>Active</status>
</Flow>
