<?xml version="1.0" encoding="UTF-8"?>
<Flow xmlns="http://soap.sforce.com/2006/04/metadata">
    <apiVersion>58.0</apiVersion>
    <assignments>
        <name>getAllCasesFromLoom</name>
        <label>getAllCasesFromLoom</label>
        <locationX>445</locationX>
        <locationY>682</locationY>
        <assignmentItems>
            <assignToReference>selectedCase</assignToReference>
            <operator>Add</operator>
            <value>
                <elementReference>currentCase</elementReference>
            </value>
        </assignmentItems>
        <connector>
            <targetReference>getSelectedRecordIds</targetReference>
        </connector>
    </assignments>
    <choices>
        <name>Create</name>
        <choiceText>Create meta case</choiceText>
        <dataType>String</dataType>
    </choices>
    <choices>
        <name>Existing</name>
        <choiceText>Add into existing meta case</choiceText>
        <dataType>String</dataType>
    </choices>
    <decisions>
        <name>checkInput</name>
        <label>checkInput</label>
        <locationX>1050</locationX>
        <locationY>485</locationY>
        <defaultConnectorLabel>Default Outcome</defaultConnectorLabel>
        <rules>
            <name>if_Existing</name>
            <conditionLogic>and</conditionLogic>
            <conditions>
                <leftValueReference>Existing</leftValueReference>
                <operator>WasSelected</operator>
                <rightValue>
                    <booleanValue>true</booleanValue>
                </rightValue>
            </conditions>
            <connector>
                <targetReference>getAllMetaCase</targetReference>
            </connector>
            <label>if Existing</label>
        </rules>
        <rules>
            <name>If_Createe</name>
            <conditionLogic>and</conditionLogic>
            <conditions>
                <leftValueReference>Create</leftValueReference>
                <operator>WasSelected</operator>
                <rightValue>
                    <booleanValue>true</booleanValue>
                </rightValue>
            </conditions>
            <connector>
                <targetReference>conDetail</targetReference>
            </connector>
            <label>If Create</label>
        </rules>
    </decisions>
    <environments>Default</environments>
    <interviewLabel>mergeCase {!$Flow.CurrentDateTime}</interviewLabel>
    <label>mergeCase</label>
    <loops>
        <name>conDetail</name>
        <label>conDetail</label>
        <locationX>874</locationX>
        <locationY>873</locationY>
        <collectionReference>ids</collectionReference>
        <iterationOrder>Asc</iterationOrder>
        <nextValueConnector>
            <targetReference>getContactDetails</targetReference>
        </nextValueConnector>
        <noMoreValuesConnector>
            <targetReference>getSubjectDetails</targetReference>
        </noMoreValuesConnector>
    </loops>
    <loops>
        <name>CreateMetaCase</name>
        <label>CreateMetaCase</label>
        <locationX>1613</locationX>
        <locationY>865</locationY>
        <collectionReference>ids</collectionReference>
        <iterationOrder>Asc</iterationOrder>
        <nextValueConnector>
            <targetReference>insert_child_cases</targetReference>
        </nextValueConnector>
        <noMoreValuesConnector>
            <targetReference>Meta_Case_Created</targetReference>
        </noMoreValuesConnector>
    </loops>
    <loops>
        <name>getSelectedRecordIds</name>
        <label>getSelectedRecordIds</label>
        <locationX>346</locationX>
        <locationY>332</locationY>
        <collectionReference>ids</collectionReference>
        <iterationOrder>Asc</iterationOrder>
        <nextValueConnector>
            <targetReference>getCaseDetails</targetReference>
        </nextValueConnector>
        <noMoreValuesConnector>
            <targetReference>selectedCases</targetReference>
        </noMoreValuesConnector>
    </loops>
    <loops>
        <name>updateMetaCase</name>
        <label>updateExistingCase</label>
        <locationX>1525</locationX>
        <locationY>258</locationY>
        <collectionReference>ids</collectionReference>
        <iterationOrder>Asc</iterationOrder>
        <nextValueConnector>
            <targetReference>updateExistingMetaCase</targetReference>
        </nextValueConnector>
        <noMoreValuesConnector>
            <targetReference>updatingMetaCase</targetReference>
        </noMoreValuesConnector>
    </loops>
    <processMetadataValues>
        <name>BuilderType</name>
        <value>
            <stringValue>LightningFlowBuilder</stringValue>
        </value>
    </processMetadataValues>
    <processMetadataValues>
        <name>CanvasMode</name>
        <value>
            <stringValue>FREE_FORM_CANVAS</stringValue>
        </value>
    </processMetadataValues>
    <processMetadataValues>
        <name>OriginBuilderType</name>
        <value>
            <stringValue>LightningFlowBuilder</stringValue>
        </value>
    </processMetadataValues>
    <processType>Flow</processType>
    <recordCreates>
        <name>Create_Meta_Case</name>
        <label>Create Meta Case</label>
        <locationX>1295</locationX>
        <locationY>865</locationY>
        <assignRecordIdToReference>metaCaseId</assignRecordIdToReference>
        <connector>
            <targetReference>CreateMetaCase</targetReference>
        </connector>
        <inputAssignments>
            <field>Case_Type_Category__c</field>
            <value>
                <stringValue>Meta Case</stringValue>
            </value>
        </inputAssignments>
        <inputAssignments>
            <field>ContactId</field>
            <value>
                <elementReference>contactIdOfCase.ContactId</elementReference>
            </value>
        </inputAssignments>
        <inputAssignments>
            <field>Subject</field>
            <value>
                <elementReference>Enter_Subject</elementReference>
            </value>
        </inputAssignments>
        <object>Case</object>
    </recordCreates>
    <recordLookups>
        <name>getAllMetaCase</name>
        <label>getAllMetaCase</label>
        <locationX>1271</locationX>
        <locationY>387</locationY>
        <assignNullValuesIfNoRecordsFound>false</assignNullValuesIfNoRecordsFound>
        <connector>
            <targetReference>ifExisting</targetReference>
        </connector>
        <filterLogic>and</filterLogic>
        <filters>
            <field>Case_Type_Category__c</field>
            <operator>EqualTo</operator>
            <value>
                <stringValue>Meta Case</stringValue>
            </value>
        </filters>
        <object>Case</object>
        <outputReference>fetchMetaCase</outputReference>
        <queriedFields>Id</queriedFields>
        <queriedFields>CaseNumber</queriedFields>
        <queriedFields>Subject</queriedFields>
        <queriedFields>Contact_Name__c</queriedFields>
    </recordLookups>
    <recordLookups>
        <name>getCaseDetails</name>
        <label>getCaseDetails</label>
        <locationX>221</locationX>
        <locationY>571</locationY>
        <assignNullValuesIfNoRecordsFound>false</assignNullValuesIfNoRecordsFound>
        <connector>
            <targetReference>getAllCasesFromLoom</targetReference>
        </connector>
        <filterLogic>and</filterLogic>
        <filters>
            <field>Id</field>
            <operator>EqualTo</operator>
            <value>
                <elementReference>getSelectedRecordIds</elementReference>
            </value>
        </filters>
        <object>Case</object>
        <outputReference>currentCase</outputReference>
        <queriedFields>Id</queriedFields>
        <queriedFields>CaseNumber</queriedFields>
        <queriedFields>Subject</queriedFields>
    </recordLookups>
    <recordLookups>
        <name>getContactDetails</name>
        <label>getContactDetails</label>
        <locationX>993</locationX>
        <locationY>1040</locationY>
        <assignNullValuesIfNoRecordsFound>false</assignNullValuesIfNoRecordsFound>
        <connector>
            <targetReference>getSubjectDetails</targetReference>
        </connector>
        <filterLogic>and</filterLogic>
        <filters>
            <field>Id</field>
            <operator>EqualTo</operator>
            <value>
                <elementReference>conDetail</elementReference>
            </value>
        </filters>
        <object>Case</object>
        <outputReference>contactIdOfCase</outputReference>
        <queriedFields>Id</queriedFields>
        <queriedFields>ContactId</queriedFields>
    </recordLookups>
    <recordUpdates>
        <name>insert_child_cases</name>
        <label>insert child cases</label>
        <locationX>1847</locationX>
        <locationY>1009</locationY>
        <connector>
            <targetReference>CreateMetaCase</targetReference>
        </connector>
        <filterLogic>and</filterLogic>
        <filters>
            <field>Id</field>
            <operator>EqualTo</operator>
            <value>
                <elementReference>CreateMetaCase</elementReference>
            </value>
        </filters>
        <inputAssignments>
            <field>Parent_Case__c</field>
            <value>
                <elementReference>metaCaseId</elementReference>
            </value>
        </inputAssignments>
        <object>Case</object>
    </recordUpdates>
    <recordUpdates>
        <name>updateExistingMetaCase</name>
        <label>updateExistingMetaCase</label>
        <locationX>1835</locationX>
        <locationY>517</locationY>
        <connector>
            <targetReference>updateMetaCase</targetReference>
        </connector>
        <filterLogic>and</filterLogic>
        <filters>
            <field>Id</field>
            <operator>EqualTo</operator>
            <value>
                <elementReference>updateMetaCase</elementReference>
            </value>
        </filters>
        <inputAssignments>
            <field>Parent_Case__c</field>
            <value>
                <elementReference>getSelectedMetaCase.Id</elementReference>
            </value>
        </inputAssignments>
        <object>Case</object>
    </recordUpdates>
    <screens>
        <name>Decision</name>
        <label>Decision</label>
        <locationX>766</locationX>
        <locationY>537</locationY>
        <allowBack>true</allowBack>
        <allowFinish>true</allowFinish>
        <allowPause>true</allowPause>
        <connector>
            <targetReference>checkInput</targetReference>
        </connector>
        <fields>
            <name>Select_option</name>
            <choiceReferences>Create</choiceReferences>
            <choiceReferences>Existing</choiceReferences>
            <dataType>String</dataType>
            <fieldText>Select Any One</fieldText>
            <fieldType>RadioButtons</fieldType>
            <isRequired>false</isRequired>
        </fields>
        <showFooter>true</showFooter>
        <showHeader>true</showHeader>
    </screens>
    <screens>
        <name>getSubjectDetails</name>
        <label>getSubjectDetails</label>
        <locationX>1129</locationX>
        <locationY>866</locationY>
        <allowBack>true</allowBack>
        <allowFinish>true</allowFinish>
        <allowPause>false</allowPause>
        <connector>
            <targetReference>Create_Meta_Case</targetReference>
        </connector>
        <fields>
            <name>Enter_Subject</name>
            <fieldText>Enter Subject</fieldText>
            <fieldType>LargeTextArea</fieldType>
            <isRequired>true</isRequired>
        </fields>
        <nextOrFinishButtonLabel>Next</nextOrFinishButtonLabel>
        <showFooter>true</showFooter>
        <showHeader>true</showHeader>
    </screens>
    <screens>
        <name>ifExisting</name>
        <label>ifExisting</label>
        <locationX>1489</locationX>
        <locationY>482</locationY>
        <allowBack>true</allowBack>
        <allowFinish>true</allowFinish>
        <allowPause>true</allowPause>
        <connector>
            <targetReference>updateMetaCase</targetReference>
        </connector>
        <fields>
            <name>showMetaCase</name>
            <dataTypeMappings>
                <typeName>T</typeName>
                <typeValue>Case</typeValue>
            </dataTypeMappings>
            <extensionName>flowruntime:datatable</extensionName>
            <fieldType>ComponentInstance</fieldType>
            <inputParameters>
                <name>label</name>
                <value>
                    <stringValue>Data Table</stringValue>
                </value>
            </inputParameters>
            <inputParameters>
                <name>selectionMode</name>
                <value>
                    <stringValue>SINGLE_SELECT</stringValue>
                </value>
            </inputParameters>
            <inputParameters>
                <name>minRowSelection</name>
                <value>
                    <numberValue>0.0</numberValue>
                </value>
            </inputParameters>
            <inputParameters>
                <name>tableData</name>
                <value>
                    <elementReference>fetchMetaCase</elementReference>
                </value>
            </inputParameters>
            <inputParameters>
                <name>isShowSearchBar</name>
                <value>
                    <booleanValue>true</booleanValue>
                </value>
            </inputParameters>
            <inputParameters>
                <name>maxRowSelection</name>
                <value>
                    <numberValue>1.0</numberValue>
                </value>
            </inputParameters>
            <inputParameters>
                <name>columns</name>
                <value>
                    <stringValue>[{&quot;apiName&quot;:&quot;CaseNumber&quot;,&quot;guid&quot;:&quot;column-d656&quot;,&quot;editable&quot;:false,&quot;hasCustomHeaderLabel&quot;:false,&quot;customHeaderLabel&quot;:&quot;&quot;,&quot;wrapText&quot;:true,&quot;order&quot;:0,&quot;label&quot;:&quot;Case Number&quot;,&quot;type&quot;:&quot;text&quot;},{&quot;apiName&quot;:&quot;Contact_Name__c&quot;,&quot;guid&quot;:&quot;column-c9c0&quot;,&quot;editable&quot;:false,&quot;hasCustomHeaderLabel&quot;:false,&quot;customHeaderLabel&quot;:&quot;&quot;,&quot;wrapText&quot;:true,&quot;order&quot;:1,&quot;label&quot;:&quot;Contact Name&quot;,&quot;type&quot;:&quot;customRichText&quot;},{&quot;apiName&quot;:&quot;Subject&quot;,&quot;guid&quot;:&quot;column-d4da&quot;,&quot;editable&quot;:false,&quot;hasCustomHeaderLabel&quot;:false,&quot;customHeaderLabel&quot;:&quot;&quot;,&quot;wrapText&quot;:true,&quot;order&quot;:2,&quot;label&quot;:&quot;Subject&quot;,&quot;type&quot;:&quot;text&quot;}]</stringValue>
                </value>
            </inputParameters>
            <inputsOnNextNavToAssocScrn>UseStoredValues</inputsOnNextNavToAssocScrn>
            <isRequired>true</isRequired>
            <outputParameters>
                <assignToReference>getSelectedMetaCase</assignToReference>
                <name>firstSelectedRow</name>
            </outputParameters>
        </fields>
        <showFooter>true</showFooter>
        <showHeader>true</showHeader>
    </screens>
    <screens>
        <name>Meta_Case_Created</name>
        <label>Meta Case Created</label>
        <locationX>1820</locationX>
        <locationY>743</locationY>
        <allowBack>true</allowBack>
        <allowFinish>true</allowFinish>
        <allowPause>false</allowPause>
        <fields>
            <name>metaCase</name>
            <fieldText>&lt;p&gt;Meta Case Create Successfully&lt;/p&gt;</fieldText>
            <fieldType>DisplayText</fieldType>
        </fields>
        <showFooter>true</showFooter>
        <showHeader>true</showHeader>
    </screens>
    <screens>
        <name>selectedCases</name>
        <label>Selected Cases</label>
        <locationX>576</locationX>
        <locationY>439</locationY>
        <allowBack>true</allowBack>
        <allowFinish>true</allowFinish>
        <allowPause>false</allowPause>
        <connector>
            <targetReference>Decision</targetReference>
        </connector>
        <fields>
            <name>showCaseDetails</name>
            <dataTypeMappings>
                <typeName>T</typeName>
                <typeValue>Case</typeValue>
            </dataTypeMappings>
            <extensionName>flowruntime:datatable</extensionName>
            <fieldType>ComponentInstance</fieldType>
            <inputParameters>
                <name>label</name>
                <value>
                    <stringValue>Data Table</stringValue>
                </value>
            </inputParameters>
            <inputParameters>
                <name>selectionMode</name>
                <value>
                    <stringValue>NO_SELECTION</stringValue>
                </value>
            </inputParameters>
            <inputParameters>
                <name>minRowSelection</name>
                <value>
                    <numberValue>0.0</numberValue>
                </value>
            </inputParameters>
            <inputParameters>
                <name>tableData</name>
                <value>
                    <elementReference>selectedCase</elementReference>
                </value>
            </inputParameters>
            <inputParameters>
                <name>columns</name>
                <value>
                    <stringValue>[{&quot;apiName&quot;:&quot;CaseNumber&quot;,&quot;guid&quot;:&quot;column-7687&quot;,&quot;editable&quot;:false,&quot;hasCustomHeaderLabel&quot;:true,&quot;customHeaderLabel&quot;:&quot;Case Number&quot;,&quot;wrapText&quot;:true,&quot;order&quot;:0,&quot;label&quot;:&quot;Case Number&quot;,&quot;type&quot;:&quot;text&quot;},{&quot;apiName&quot;:&quot;Subject&quot;,&quot;guid&quot;:&quot;column-f29b&quot;,&quot;editable&quot;:false,&quot;hasCustomHeaderLabel&quot;:false,&quot;customHeaderLabel&quot;:&quot;&quot;,&quot;wrapText&quot;:true,&quot;order&quot;:1,&quot;label&quot;:&quot;Subject&quot;,&quot;type&quot;:&quot;text&quot;}]</stringValue>
                </value>
            </inputParameters>
            <inputParameters>
                <name>maxRowSelection</name>
                <value>
                    <numberValue>0.0</numberValue>
                </value>
            </inputParameters>
            <inputsOnNextNavToAssocScrn>UseStoredValues</inputsOnNextNavToAssocScrn>
            <isRequired>true</isRequired>
            <storeOutputAutomatically>true</storeOutputAutomatically>
        </fields>
        <nextOrFinishButtonLabel>Next</nextOrFinishButtonLabel>
        <showFooter>true</showFooter>
        <showHeader>true</showHeader>
    </screens>
    <screens>
        <name>updatingMetaCase</name>
        <label>updatingMetaCase</label>
        <locationX>1843</locationX>
        <locationY>337</locationY>
        <allowBack>true</allowBack>
        <allowFinish>true</allowFinish>
        <allowPause>false</allowPause>
        <fields>
            <name>updated</name>
            <fieldText>&lt;p&gt;Meta Case updated Successfully&lt;/p&gt;</fieldText>
            <fieldType>DisplayText</fieldType>
        </fields>
        <showFooter>true</showFooter>
        <showHeader>true</showHeader>
    </screens>
    <start>
        <locationX>143</locationX>
        <locationY>131</locationY>
        <connector>
            <targetReference>getSelectedRecordIds</targetReference>
        </connector>
    </start>
    <status>Active</status>
    <variables>
        <name>cCase</name>
        <dataType>SObject</dataType>
        <isCollection>true</isCollection>
        <isInput>true</isInput>
        <isOutput>true</isOutput>
        <objectType>Case</objectType>
    </variables>
    <variables>
        <name>contactIdOfCase</name>
        <dataType>SObject</dataType>
        <isCollection>false</isCollection>
        <isInput>true</isInput>
        <isOutput>false</isOutput>
        <objectType>Case</objectType>
    </variables>
    <variables>
        <name>currentCase</name>
        <dataType>SObject</dataType>
        <isCollection>true</isCollection>
        <isInput>true</isInput>
        <isOutput>true</isOutput>
        <objectType>Case</objectType>
    </variables>
    <variables>
        <name>fetchMetaCase</name>
        <dataType>SObject</dataType>
        <isCollection>true</isCollection>
        <isInput>true</isInput>
        <isOutput>false</isOutput>
        <objectType>Case</objectType>
    </variables>
    <variables>
        <name>getSelectedMetaCase</name>
        <dataType>SObject</dataType>
        <isCollection>false</isCollection>
        <isInput>true</isInput>
        <isOutput>false</isOutput>
        <objectType>Case</objectType>
    </variables>
    <variables>
        <name>getSubject</name>
        <dataType>String</dataType>
        <isCollection>false</isCollection>
        <isInput>true</isInput>
        <isOutput>false</isOutput>
    </variables>
    <variables>
        <name>ids</name>
        <dataType>String</dataType>
        <isCollection>true</isCollection>
        <isInput>true</isInput>
        <isOutput>false</isOutput>
    </variables>
    <variables>
        <name>metaCaseId</name>
        <dataType>String</dataType>
        <isCollection>false</isCollection>
        <isInput>true</isInput>
        <isOutput>false</isOutput>
    </variables>
    <variables>
        <name>selectedCase</name>
        <dataType>SObject</dataType>
        <isCollection>true</isCollection>
        <isInput>true</isInput>
        <isOutput>true</isOutput>
        <objectType>Case</objectType>
    </variables>
    <variables>
        <name>SelectedValue</name>
        <dataType>String</dataType>
        <isCollection>false</isCollection>
        <isInput>true</isInput>
        <isOutput>true</isOutput>
    </variables>
    <variables>
        <name>updateExistingCase</name>
        <dataType>String</dataType>
        <isCollection>false</isCollection>
        <isInput>true</isInput>
        <isOutput>false</isOutput>
    </variables>
</Flow>
