<?xml version="1.0" encoding="UTF-8"?>
<Flow xmlns="http://soap.sforce.com/2006/04/metadata">
    <apiVersion>53.0</apiVersion>
    <decisions>
        <name>CheckingRecordType_ID</name>
        <label>CheckingRecordType ID</label>
        <locationX>567</locationX>
        <locationY>156</locationY>
        <defaultConnectorLabel>Default Outcome</defaultConnectorLabel>
        <rules>
            <name>Checking_Record_Type_Rabbi</name>
            <conditionLogic>and</conditionLogic>
            <conditions>
                <leftValueReference>$Record.RecordType.Name</leftValueReference>
                <operator>EqualTo</operator>
                <rightValue>
                    <stringValue>Rabbi</stringValue>
                </rightValue>
            </conditions>
            <connector>
                <targetReference>AssignRoleRabbi</targetReference>
            </connector>
            <label>Checking Record Type Rabbi</label>
        </rules>
        <rules>
            <name>CheckRecord_type_Doctor</name>
            <conditionLogic>and</conditionLogic>
            <conditions>
                <leftValueReference>$Record.RecordType.Name</leftValueReference>
                <operator>EqualTo</operator>
                <rightValue>
                    <stringValue>Doctor</stringValue>
                </rightValue>
            </conditions>
            <connector>
                <targetReference>Assign_Doctor_Role</targetReference>
            </connector>
            <label>CheckRecord_type Doctor</label>
        </rules>
        <rules>
            <name>CheckingRecordTypeFemale</name>
            <conditionLogic>and</conditionLogic>
            <conditions>
                <leftValueReference>$Record.RecordType.Name</leftValueReference>
                <operator>EqualTo</operator>
                <rightValue>
                    <stringValue>Constituent Female</stringValue>
                </rightValue>
            </conditions>
            <connector>
                <targetReference>AssignRole_Female</targetReference>
            </connector>
            <label>CheckingRecordTypeFemale</label>
        </rules>
        <rules>
            <name>CheckingRecordTypeMale</name>
            <conditionLogic>and</conditionLogic>
            <conditions>
                <leftValueReference>$Record.RecordType.Name</leftValueReference>
                <operator>EqualTo</operator>
                <rightValue>
                    <stringValue>Constituent Male</stringValue>
                </rightValue>
            </conditions>
            <connector>
                <targetReference>AssignRoleMale</targetReference>
            </connector>
            <label>CheckingRecordTypeMale</label>
        </rules>
    </decisions>
    <interviewLabel>RoleAssignment {!$Flow.CurrentDateTime}</interviewLabel>
    <label>RoleAssignment</label>
    <processMetadataValues>
        <name>BuilderType</name>
        <value>
            <stringValue>LightningFlowBuilder</stringValue>
        </value>
    </processMetadataValues>
    <processMetadataValues>
        <name>CanvasMode</name>
        <value>
            <stringValue>FREE_FORM_CANVAS</stringValue>
        </value>
    </processMetadataValues>
    <processMetadataValues>
        <name>OriginBuilderType</name>
        <value>
            <stringValue>LightningFlowBuilder</stringValue>
        </value>
    </processMetadataValues>
    <processType>AutoLaunchedFlow</processType>
    <recordUpdates>
        <name>Assign_Doctor_Role</name>
        <label>Assign Doctor Role</label>
        <locationX>727</locationX>
        <locationY>467</locationY>
        <inputAssignments>
            <field>Role__c</field>
            <value>
                <stringValue>Doctor</stringValue>
            </value>
        </inputAssignments>
        <inputReference>$Record</inputReference>
    </recordUpdates>
    <recordUpdates>
        <name>AssignRole_Female</name>
        <label>AssignRole Female</label>
        <locationX>455</locationX>
        <locationY>452</locationY>
        <inputAssignments>
            <field>Role__c</field>
            <value>
                <stringValue>Constituent Female</stringValue>
            </value>
        </inputAssignments>
        <inputReference>$Record</inputReference>
    </recordUpdates>
    <recordUpdates>
        <name>AssignRoleMale</name>
        <label>AssignRoleMale</label>
        <locationX>198</locationX>
        <locationY>426</locationY>
        <inputAssignments>
            <field>Role__c</field>
            <value>
                <stringValue>Constituent Male</stringValue>
            </value>
        </inputAssignments>
        <inputReference>$Record</inputReference>
    </recordUpdates>
    <recordUpdates>
        <name>AssignRoleRabbi</name>
        <label>AssignRoleRabbi</label>
        <locationX>931</locationX>
        <locationY>363</locationY>
        <inputAssignments>
            <field>Role__c</field>
            <value>
                <stringValue>Rabbi</stringValue>
            </value>
        </inputAssignments>
        <inputReference>$Record</inputReference>
    </recordUpdates>
    <start>
        <locationX>50</locationX>
        <locationY>50</locationY>
        <connector>
            <targetReference>CheckingRecordType_ID</targetReference>
        </connector>
        <filterLogic>and</filterLogic>
        <filters>
            <field>RecordTypeId</field>
            <operator>IsNull</operator>
            <value>
                <booleanValue>false</booleanValue>
            </value>
        </filters>
        <object>Contact</object>
        <recordTriggerType>CreateAndUpdate</recordTriggerType>
        <triggerType>RecordAfterSave</triggerType>
    </start>
    <status>Active</status>
</Flow>
