<?xml version="1.0" encoding="UTF-8"?>
<Flow xmlns="http://soap.sforce.com/2006/04/metadata">
    <actionCalls>
        <name>Skill_Based_Type</name>
        <label>Skill Based Type</label>
        <locationX>808</locationX>
        <locationY>598</locationY>
        <actionName>SkillBasedRoutingType</actionName>
        <actionType>apex</actionType>
        <flowTransactionModel>CurrentTransaction</flowTransactionModel>
        <inputParameters>
            <name>casesToProcess</name>
            <value>
                <elementReference>$Record</elementReference>
            </value>
        </inputParameters>
    </actionCalls>
    <apiVersion>58.0</apiVersion>
    <decisions>
        <name>Meta_Case_Decision</name>
        <label>Meta Case Decision</label>
        <locationX>456</locationX>
        <locationY>664</locationY>
        <defaultConnectorLabel>Default Outcome</defaultConnectorLabel>
        <rules>
            <name>If_Meta_case</name>
            <conditionLogic>and</conditionLogic>
            <conditions>
                <leftValueReference>$Record.Case_Type_Category__c</leftValueReference>
                <operator>EqualTo</operator>
                <rightValue>
                    <stringValue>Meta Case</stringValue>
                </rightValue>
            </conditions>
            <label>If Meta case</label>
        </rules>
        <rules>
            <name>If_Child_Case</name>
            <conditionLogic>and</conditionLogic>
            <conditions>
                <leftValueReference>$Record.Case_Type_Category__c</leftValueReference>
                <operator>EqualTo</operator>
                <rightValue>
                    <stringValue>Child Case</stringValue>
                </rightValue>
            </conditions>
            <connector>
                <targetReference>Skill_Based_Type</targetReference>
            </connector>
            <label>If Child Case</label>
        </rules>
    </decisions>
    <environments>Default</environments>
    <interviewLabel>Skill Based Routing {!$Flow.CurrentDateTime}</interviewLabel>
    <label>Skill Based Routing</label>
    <processMetadataValues>
        <name>BuilderType</name>
        <value>
            <stringValue>LightningFlowBuilder</stringValue>
        </value>
    </processMetadataValues>
    <processMetadataValues>
        <name>CanvasMode</name>
        <value>
            <stringValue>FREE_FORM_CANVAS</stringValue>
        </value>
    </processMetadataValues>
    <processMetadataValues>
        <name>OriginBuilderType</name>
        <value>
            <stringValue>LightningFlowBuilder</stringValue>
        </value>
    </processMetadataValues>
    <processType>AutoLaunchedFlow</processType>
    <start>
        <locationX>224</locationX>
        <locationY>66</locationY>
        <connector>
            <targetReference>Meta_Case_Decision</targetReference>
        </connector>
        <object>Case</object>
        <recordTriggerType>Create</recordTriggerType>
        <triggerType>RecordAfterSave</triggerType>
    </start>
    <status>Active</status>
    <variables>
        <name>getCaseDetails</name>
        <dataType>SObject</dataType>
        <isCollection>false</isCollection>
        <isInput>true</isInput>
        <isOutput>false</isOutput>
        <objectType>Case</objectType>
    </variables>
</Flow>
