<?xml version="1.0" encoding="UTF-8"?>
<Flow xmlns="http://soap.sforce.com/2006/04/metadata">
    <apiVersion>53.0</apiVersion>
    <decisions>
        <name>Check_Contact_Record_Types</name>
        <label>Check Contact Record Types</label>
        <locationX>650</locationX>
        <locationY>219</locationY>
        <defaultConnectorLabel>Default Outcome</defaultConnectorLabel>
        <rules>
            <name>Is_Record_Type_Matched</name>
            <conditionLogic>or</conditionLogic>
            <conditions>
                <leftValueReference>$Record.Contact_M__r.RecordType.Name</leftValueReference>
                <operator>EqualTo</operator>
                <rightValue>
                    <stringValue>Constituent Male</stringValue>
                </rightValue>
            </conditions>
            <conditions>
                <leftValueReference>$Record.Contact__r.RecordType.Name</leftValueReference>
                <operator>EqualTo</operator>
                <rightValue>
                    <stringValue>Constituent Female</stringValue>
                </rightValue>
            </conditions>
            <connector>
                <targetReference>UpdateRecordOnSpouseHer</targetReference>
            </connector>
            <label>Is Record Type Matched?</label>
        </rules>
    </decisions>
    <interviewLabel>Update Contact Spouse {!$Flow.CurrentDateTime}</interviewLabel>
    <label>UpdateContactSpouseField</label>
    <processMetadataValues>
        <name>BuilderType</name>
        <value>
            <stringValue>LightningFlowBuilder</stringValue>
        </value>
    </processMetadataValues>
    <processMetadataValues>
        <name>CanvasMode</name>
        <value>
            <stringValue>FREE_FORM_CANVAS</stringValue>
        </value>
    </processMetadataValues>
    <processMetadataValues>
        <name>OriginBuilderType</name>
        <value>
            <stringValue>LightningFlowBuilder</stringValue>
        </value>
    </processMetadataValues>
    <processType>AutoLaunchedFlow</processType>
    <recordUpdates>
        <name>UpdateRecordOnSpouse</name>
        <label>UpdateRecordOnSpouse</label>
        <locationX>889</locationX>
        <locationY>398</locationY>
        <filterLogic>and</filterLogic>
        <filters>
            <field>RecordTypeId</field>
            <operator>EqualTo</operator>
            <value>
                <elementReference>$Record.Contact_M__r.RecordTypeId</elementReference>
            </value>
        </filters>
        <filters>
            <field>Id</field>
            <operator>EqualTo</operator>
            <value>
                <elementReference>$Record.Contact_M__r.Id</elementReference>
            </value>
        </filters>
        <inputAssignments>
            <field>Spouse__c</field>
            <value>
                <elementReference>$Record.Contact__c</elementReference>
            </value>
        </inputAssignments>
        <object>Contact</object>
    </recordUpdates>
    <recordUpdates>
        <name>UpdateRecordOnSpouseHer</name>
        <label>UpdateRecordOnSpouseHer</label>
        <locationX>448</locationX>
        <locationY>382</locationY>
        <connector>
            <targetReference>UpdateRecordOnSpouse</targetReference>
        </connector>
        <filterLogic>and</filterLogic>
        <filters>
            <field>RecordTypeId</field>
            <operator>EqualTo</operator>
            <value>
                <elementReference>$Record.Contact__r.RecordTypeId</elementReference>
            </value>
        </filters>
        <filters>
            <field>Id</field>
            <operator>EqualTo</operator>
            <value>
                <elementReference>$Record.Contact__r.Id</elementReference>
            </value>
        </filters>
        <inputAssignments>
            <field>Spouse__c</field>
            <value>
                <elementReference>$Record.Contact_M__c</elementReference>
            </value>
        </inputAssignments>
        <object>Contact</object>
    </recordUpdates>
    <start>
        <locationX>50</locationX>
        <locationY>51</locationY>
        <connector>
            <targetReference>Check_Contact_Record_Types</targetReference>
        </connector>
        <filterLogic>and</filterLogic>
        <filters>
            <field>RecordTypeId</field>
            <operator>EqualTo</operator>
            <value>
                <stringValue>0125Y000002Dz92QAC</stringValue>
            </value>
        </filters>
        <filters>
            <field>Contact_M__c</field>
            <operator>IsNull</operator>
            <value>
                <booleanValue>false</booleanValue>
            </value>
        </filters>
        <filters>
            <field>Contact__c</field>
            <operator>IsNull</operator>
            <value>
                <booleanValue>false</booleanValue>
            </value>
        </filters>
        <object>Case__c</object>
        <recordTriggerType>CreateAndUpdate</recordTriggerType>
        <triggerType>RecordAfterSave</triggerType>
    </start>
    <status>Active</status>
</Flow>
